Obs,Grocery_Bill,Family_Income,Family_Size,N_Vehicles,Distance_to_Store,Vegetarian,N_Children,Family_Pet,N_Adults
1,$357.73 ,"$142,141 ",4,3,15,0,2,1,2
2,$276.84 ,"$145,916 ",2,1,4,0,0,0,2
3,$197.92 ,"$86,185 ",1,2,14,0,0,0,1
4,$315.75 ,"$145,998 ",3,1,8,0,1,0,2
5,$202.89 ,"$79,341 ",1,2,19,1,0,0,1
6,$197.30 ,"$77,115 ",2,1,2,0,1,1,1
7,$195.20 ,"$73,725 ",2,1,4,0,1,0,1
8,$232.51 ,"$88,371 ",1,2,8,0,0,0,1
9,$146.32 ,"$75,942 ",1,3,8,0,0,0,1
10,$125.05 ,"$70,298 ",1,0,2,0,0,0,1
11,$226.49 ,"$75,117 ",2,2,8,0,1,1,1
12,$153.20 ,"$84,099 ",1,2,1,0,0,0,1
13,$210.36 ,"$133,674 ",2,2,2,0,0,0,2
14,$328.55 ,"$140,138 ",5,2,1,0,3,0,2
15,$171.81 ,"$79,702 ",1,1,5,0,0,1,1
16,$152.58 ,"$71,737 ",1,1,2,0,0,1,1
17,$349.30 ,"$111,318 ",4,3,7,1,2,0,2
18,$199.17 ,"$87,733 ",1,2,2,0,0,0,1
19,$320.72 ,"$118,580 ",3,1,2,0,0,0,3
20,$340.49 ,"$145,432 ",4,2,1,0,2,0,2
21,$180.63 ,"$92,251 ",1,3,2,0,0,0,1
22,$262.94 ,"$142,738 ",2,3,15,0,0,1,2
23,$191.03 ,"$92,229 ",1,2,5,0,0,1,1
24,$238.06 ,"$70,334 ",1,2,18,0,0,0,1
25,$245.99 ,"$125,378 ",2,1,5,0,0,0,2
26,$223.94 ,"$80,080 ",1,3,18,0,0,0,1
27,$165.03 ,"$82,583 ",1,2,3,0,0,0,1
28,$121.66 ,"$74,193 ",1,0,3,0,0,0,1
29,$254.96 ,"$135,549 ",2,1,3,0,0,0,2
30,$298.88 ,"$114,622 ",3,2,1,0,1,0,2
31,$215.28 ,"$92,582 ",1,1,16,0,0,0,1
32,$193.94 ,"$79,729 ",1,1,7,0,0,0,1
33,$189.21 ,"$92,773 ",1,2,12,0,0,0,1
34,$199.47 ,"$82,783 ",1,3,13,0,0,0,1
35,$193.08 ,"$80,541 ",1,0,8,0,0,1,1
36,$166.77 ,"$81,689 ",1,1,5,0,0,1,1
37,$247.30 ,"$70,189 ",2,1,17,0,1,0,1
38,$271.74 ,"$117,565 ",4,1,3,0,2,1,2
39,$433.71 ,"$144,983 ",5,3,6,0,3,0,2
40,$276.48 ,"$112,576 ",4,2,1,0,2,0,2
41,$149.91 ,"$91,032 ",1,2,1,0,0,0,1
42,$199.06 ,"$71,648 ",2,3,4,0,1,0,1
43,$248.14 ,"$121,292 ",2,1,1,0,0,0,2
44,$353.79 ,"$143,403 ",4,3,7,0,2,1,2
45,$196.95 ,"$73,542 ",1,1,6,0,0,1,1
46,$174.85 ,"$83,166 ",1,3,6,0,0,0,1
47,$290.44 ,"$125,058 ",3,3,1,0,1,0,2
48,$271.55 ,"$123,556 ",3,0,1,0,1,0,2
49,$150.25 ,"$84,023 ",1,3,1,0,0,1,1
50,$203.58 ,"$87,488 ",1,1,12,0,0,0,1
51,$152.48 ,"$82,898 ",1,3,2,0,0,0,1
52,$208.06 ,"$90,899 ",1,2,19,0,0,0,1
53,$232.43 ,"$91,812 ",1,1,15,0,0,0,1
54,$407.94 ,"$123,296 ",5,2,4,0,2,0,3
55,$179.10 ,"$75,906 ",2,2,14,0,1,0,1
56,$167.13 ,"$77,008 ",1,1,6,0,0,1,1
57,$178.46 ,"$86,762 ",1,3,3,0,0,0,1
58,$170.56 ,"$86,909 ",1,1,8,0,0,1,1
59,$431.05 ,"$127,294 ",5,2,15,0,3,0,2
60,$184.60 ,"$82,113 ",1,0,5,0,0,1,1
61,$163.63 ,"$83,854 ",1,2,9,0,0,0,1
62,$184.58 ,"$82,138 ",1,1,14,0,0,0,1
63,$300.62 ,"$116,628 ",2,1,10,0,0,0,2
64,$234.69 ,"$93,194 ",2,1,9,0,1,0,1
65,$304.72 ,"$136,723 ",5,1,1,0,3,0,2
66,$371.50 ,"$121,625 ",5,3,2,0,3,0,2
67,$202.65 ,"$112,862 ",2,2,2,0,0,0,2
68,$321.67 ,"$121,573 ",3,2,13,0,1,0,2
69,$258.39 ,"$120,569 ",2,3,2,0,0,0,2
70,$163.96 ,"$87,004 ",1,3,2,0,0,0,1
71,$311.57 ,"$134,373 ",2,1,1,0,0,0,2
72,$170.43 ,"$81,861 ",1,3,5,0,0,0,1
73,$336.69 ,"$121,268 ",3,3,2,0,0,1,3
74,$220.75 ,"$72,413 ",1,0,13,0,0,1,1
75,$192.27 ,"$82,942 ",1,1,14,0,0,0,1
76,$215.06 ,"$127,797 ",2,3,9,0,0,0,2
77,$211.91 ,"$73,225 ",1,3,3,0,0,0,1
78,$270.69 ,"$120,569 ",3,2,2,0,0,0,3
79,$210.01 ,"$87,070 ",2,2,6,1,1,0,1
80,$139.28 ,"$85,280 ",1,1,4,0,0,1,1
81,$160.84 ,"$71,568 ",1,3,2,0,0,0,1
82,$337.44 ,"$112,257 ",5,3,12,0,3,0,2
83,$200.46 ,"$74,481 ",1,3,5,0,0,0,1
84,$244.48 ,"$121,372 ",2,2,2,0,0,0,2
85,$317.72 ,"$119,911 ",5,2,2,0,3,1,2
86,$212.06 ,"$74,009 ",1,3,13,0,0,1,1
87,$235.11 ,"$82,628 ",2,2,11,0,1,1,1
88,$261.14 ,"$111,943 ",2,1,18,0,0,0,2
89,$329.03 ,"$130,818 ",3,2,17,0,1,0,2
90,$263.50 ,"$145,252 ",2,2,14,0,0,0,2
91,$269.67 ,"$118,201 ",3,1,1,0,1,0,2
92,$222.79 ,"$91,021 ",1,1,1,1,0,0,1
93,$245.12 ,"$125,745 ",2,3,2,0,0,0,2
94,$272.12 ,"$137,562 ",2,1,1,0,0,0,2
95,$345.92 ,"$126,541 ",3,2,7,0,1,0,2
96,$212.01 ,"$130,137 ",2,1,1,0,0,0,2
97,$171.74 ,"$82,585 ",1,3,8,0,0,1,1
98,$433.44 ,"$123,674 ",3,1,8,0,0,0,3
99,$317.22 ,"$141,300 ",4,3,4,0,2,1,2
100,$224.79 ,"$70,046 ",2,3,11,0,1,0,1
101,$152.37 ,"$91,167 ",1,1,2,0,0,0,1
102,$323.73 ,"$134,997 ",3,3,7,0,1,0,2
103,$180.98 ,"$87,969 ",1,1,4,0,0,0,1
104,$202.30 ,"$92,684 ",1,3,14,0,0,0,1
105,$171.90 ,"$82,346 ",1,0,5,0,0,0,1
106,$277.47 ,"$116,144 ",5,3,1,0,2,0,3
107,$434.63 ,"$145,446 ",5,1,3,0,3,0,2
108,$153.67 ,"$82,514 ",1,2,6,0,0,0,1
109,$397.41 ,"$141,676 ",2,1,9,0,0,0,2
110,$172.06 ,"$73,788 ",1,2,2,0,0,0,1
111,$419.08 ,"$130,718 ",5,1,19,0,3,1,2
112,$182.03 ,"$84,029 ",1,3,1,0,0,0,1
113,$205.81 ,"$75,673 ",1,1,13,0,0,0,1
114,$214.42 ,"$88,501 ",1,3,13,1,0,1,1
115,$199.85 ,"$129,591 ",2,3,2,0,0,0,2
116,$287.49 ,"$116,701 ",2,2,2,0,0,0,2
117,$200.93 ,"$90,213 ",1,1,9,0,0,1,1
118,$176.99 ,"$138,312 ",2,3,3,0,0,0,2
119,$186.44 ,"$77,009 ",1,1,1,0,0,0,1
120,$146.71 ,"$78,975 ",1,2,1,0,0,0,1
121,$158.03 ,"$71,040 ",1,3,1,0,0,1,1
122,$210.13 ,"$86,188 ",2,0,4,0,1,0,1
123,$264.46 ,"$144,865 ",2,3,1,0,0,0,2
124,$391.56 ,"$128,047 ",5,2,4,0,3,0,2
125,$183.17 ,"$77,178 ",2,0,12,0,1,0,1
126,$212.93 ,"$89,294 ",1,1,12,0,0,0,1
127,$137.97 ,"$70,769 ",1,1,2,0,0,0,1
128,$248.47 ,"$92,887 ",2,1,13,1,1,0,1
129,$216.00 ,"$85,332 ",1,1,14,0,0,0,1
130,$169.43 ,"$82,565 ",1,1,8,0,0,0,1
131,$161.56 ,"$79,226 ",1,3,11,0,0,0,1
132,$205.12 ,"$84,058 ",1,2,17,0,0,0,1
133,$216.54 ,"$111,410 ",2,0,1,0,0,0,2
134,$325.68 ,"$137,936 ",3,3,6,0,1,0,2
135,$175.73 ,"$76,464 ",1,1,5,0,0,0,1
136,$388.40 ,"$110,129 ",5,2,13,0,3,1,2
137,$294.78 ,"$128,629 ",2,1,9,0,0,0,2
138,$360.63 ,"$137,113 ",5,3,5,0,3,0,2
139,$116.46 ,"$92,072 ",1,3,1,0,0,0,1
140,$171.59 ,"$91,551 ",1,2,1,0,0,0,1
141,$196.98 ,"$142,116 ",2,3,1,0,0,0,2
142,$163.89 ,"$88,985 ",1,2,3,0,0,0,1
143,$186.53 ,"$92,458 ",1,1,4,0,0,0,1
144,$165.37 ,"$71,494 ",1,1,2,0,0,0,1
145,$278.65 ,"$141,514 ",3,1,4,1,1,0,2
146,$162.82 ,"$88,746 ",1,2,4,0,0,0,1
147,$224.37 ,"$79,486 ",2,3,13,0,1,0,1
148,$265.34 ,"$135,779 ",2,1,2,0,0,0,2
149,$154.56 ,"$70,691 ",2,1,2,0,1,0,1
150,$176.23 ,"$78,311 ",1,1,15,0,0,0,1
151,$196.79 ,"$80,019 ",2,1,2,0,1,0,1
152,$147.18 ,"$79,742 ",1,0,6,0,0,0,1
153,$161.47 ,"$82,862 ",1,3,3,0,0,1,1
154,$382.19 ,"$137,848 ",3,1,18,0,1,1,2
155,$282.79 ,"$111,127 ",2,1,2,0,0,0,2
156,$138.99 ,"$92,073 ",1,3,6,0,0,0,1
157,$135.70 ,"$75,545 ",1,3,3,0,0,0,1
158,$157.08 ,"$90,368 ",1,1,2,0,0,0,1
159,$152.14 ,"$88,223 ",1,2,1,1,0,0,1
160,$219.24 ,"$76,261 ",2,0,11,0,1,0,1
161,$184.21 ,"$91,857 ",1,3,4,0,0,0,1
162,$222.13 ,"$91,004 ",1,3,5,0,0,0,1
163,$277.67 ,"$145,419 ",2,1,3,0,0,0,2
164,$386.12 ,"$140,241 ",2,2,14,0,0,0,2
165,$219.02 ,"$86,381 ",1,3,8,0,0,0,1
166,$215.95 ,"$89,335 ",1,0,7,0,0,1,1
167,$412.72 ,"$140,896 ",4,1,18,0,2,0,2
168,$304.31 ,"$127,081 ",2,1,4,0,0,1,2
169,$297.91 ,"$143,251 ",2,3,6,0,0,0,2
170,$276.18 ,"$136,335 ",3,1,2,0,1,1,2
171,$424.00 ,"$142,416 ",5,2,6,0,2,0,3
172,$353.65 ,"$131,124 ",2,2,4,1,0,1,2
173,$158.85 ,"$80,439 ",1,2,2,0,0,0,1
174,$159.29 ,"$74,641 ",1,3,3,0,0,0,1
175,$180.29 ,"$70,913 ",1,3,13,1,0,0,1
176,$226.97 ,"$84,595 ",1,1,15,0,0,1,1
177,$184.94 ,"$87,921 ",1,3,3,0,0,0,1
178,$324.58 ,"$114,157 ",3,3,2,0,1,0,2
179,$221.26 ,"$92,660 ",1,2,15,0,0,0,1
180,$151.23 ,"$84,773 ",1,1,4,1,0,0,1
181,$212.65 ,"$85,648 ",1,2,14,0,0,0,1
182,$354.03 ,"$133,610 ",3,2,2,0,0,0,3
183,$113.11 ,"$74,642 ",1,3,1,0,0,0,1
184,$187.06 ,"$82,694 ",1,2,13,0,0,0,1
185,$160.21 ,"$89,141 ",1,2,9,0,0,0,1
186,$164.23 ,"$73,297 ",1,2,2,0,0,0,1
187,$382.39 ,"$116,550 ",5,1,4,0,3,0,2
188,$160.46 ,"$79,695 ",1,1,3,0,0,0,1
189,$351.05 ,"$146,480 ",3,3,3,0,1,0,2
190,$184.57 ,"$73,418 ",1,3,4,0,0,1,1
191,$198.04 ,"$82,488 ",1,3,4,0,0,0,1
192,$273.98 ,"$137,941 ",2,2,3,0,0,1,2
193,$221.77 ,"$88,624 ",1,0,10,0,0,0,1
194,$285.15 ,"$112,202 ",5,2,1,0,3,0,2
195,$309.50 ,"$124,424 ",2,3,2,0,0,0,2
196,$276.53 ,"$133,961 ",2,3,6,0,0,0,2
197,$211.93 ,"$73,509 ",1,2,17,0,0,1,1
198,$148.74 ,"$72,872 ",1,0,1,0,0,0,1
199,$244.59 ,"$112,489 ",2,2,1,0,0,0,2
200,$137.44 ,"$89,604 ",1,3,1,0,0,0,1
201,$213.69 ,"$116,013 ",2,3,6,0,0,1,2
202,$231.71 ,"$84,412 ",1,1,16,0,0,0,1
203,$213.22 ,"$92,094 ",1,3,18,0,0,0,1
204,$273.03 ,"$131,524 ",2,3,3,0,0,0,2
205,$160.79 ,"$86,248 ",1,3,3,0,0,0,1
206,$311.96 ,"$133,713 ",2,3,9,0,0,0,2
207,$290.38 ,"$129,292 ",3,2,1,0,1,0,2
208,$197.93 ,"$139,993 ",2,1,2,0,0,0,2
209,$186.65 ,"$75,580 ",1,3,10,0,0,0,1
210,$336.64 ,"$146,195 ",3,1,14,0,1,0,2
211,$344.81 ,"$132,398 ",5,0,4,0,2,0,3
212,$234.78 ,"$81,103 ",2,1,14,0,1,0,1
213,$384.09 ,"$137,533 ",3,1,2,0,1,0,2
214,$198.94 ,"$70,650 ",1,1,12,1,0,0,1
215,$293.38 ,"$140,666 ",3,2,1,0,1,0,2
216,$327.80 ,"$110,679 ",3,1,5,0,1,0,2
217,$304.75 ,"$116,951 ",2,1,10,1,0,0,2
218,$213.32 ,"$90,361 ",1,1,18,0,0,0,1
219,$300.41 ,"$110,297 ",4,1,5,0,2,1,2
220,$145.08 ,"$71,598 ",1,2,3,0,0,0,1
221,$371.45 ,"$118,721 ",5,3,3,0,3,1,2
222,$373.65 ,"$137,802 ",5,2,13,0,3,0,2
223,$310.05 ,"$115,589 ",2,1,8,0,0,0,2
224,$178.97 ,"$86,784 ",1,3,5,0,0,0,1
225,$408.29 ,"$135,123 ",4,2,7,0,1,0,3
226,$262.21 ,"$141,552 ",2,3,1,0,0,0,2
227,$198.95 ,"$77,764 ",1,1,9,0,0,0,1
228,$309.52 ,"$121,117 ",2,2,6,0,0,0,2
229,$176.52 ,"$92,293 ",1,1,1,0,0,0,1
230,$356.11 ,"$134,424 ",5,3,7,0,3,0,2
231,$334.70 ,"$140,697 ",2,2,5,0,0,1,2
232,$223.24 ,"$123,766 ",3,2,1,0,1,1,2
233,$141.40 ,"$79,449 ",1,3,5,0,0,0,1
234,$326.42 ,"$138,772 ",3,3,2,0,0,1,3
235,$358.47 ,"$116,586 ",4,2,6,0,2,0,2
236,$259.33 ,"$138,305 ",4,1,2,0,2,0,2
237,$162.88 ,"$91,924 ",1,3,7,0,0,0,1
238,$174.59 ,"$83,155 ",1,0,1,0,0,1,1
239,$417.56 ,"$145,221 ",3,3,3,0,1,0,2
240,$209.60 ,"$74,329 ",1,1,10,0,0,0,1
241,$301.22 ,"$114,550 ",3,2,3,0,1,0,2
242,$315.79 ,"$123,313 ",2,2,7,0,0,0,2
243,$190.78 ,"$88,091 ",1,3,2,0,0,0,1
244,$205.07 ,"$131,373 ",2,3,1,0,0,0,2
245,$122.81 ,"$70,498 ",1,3,1,0,0,0,1
246,$347.37 ,"$131,425 ",4,1,15,0,2,0,2
247,$149.40 ,"$83,408 ",1,2,1,0,0,0,1
248,$332.19 ,"$126,119 ",2,1,12,0,0,0,2
249,$168.34 ,"$85,277 ",1,3,13,0,0,0,1
250,$279.53 ,"$111,379 ",3,2,3,1,1,1,2
251,$179.27 ,"$88,837 ",1,3,3,0,0,0,1
252,$184.58 ,"$71,641 ",1,1,5,0,0,0,1
253,$169.70 ,"$85,905 ",1,3,4,0,0,1,1
254,$282.92 ,"$132,080 ",3,1,2,0,1,0,2
255,$323.10 ,"$123,967 ",2,1,11,0,0,0,2
256,$524.07 ,"$143,977 ",5,1,16,0,2,0,3
257,$189.00 ,"$126,638 ",2,1,1,0,0,0,2
258,$152.17 ,"$73,140 ",1,1,1,0,0,0,1
259,$224.49 ,"$145,138 ",2,2,2,0,0,0,2
260,$176.11 ,"$72,002 ",1,2,2,0,0,0,1
261,$223.04 ,"$84,182 ",1,1,14,0,0,0,1
262,$256.05 ,"$136,749 ",3,3,5,0,1,0,2
263,$438.96 ,"$112,969 ",6,2,6,0,3,0,3
264,$155.97 ,"$83,887 ",1,1,2,0,0,0,1
265,$146.16 ,"$76,334 ",1,3,2,0,0,0,1
266,$348.14 ,"$134,026 ",3,1,20,0,1,0,2
267,$153.60 ,"$70,585 ",1,0,9,0,0,0,1
268,$183.03 ,"$76,434 ",1,1,6,0,0,0,1
269,$362.51 ,"$133,539 ",4,1,16,0,2,1,2
270,$170.38 ,"$78,961 ",1,3,4,1,0,0,1
271,$185.12 ,"$85,417 ",1,3,2,0,0,1,1
272,$334.77 ,"$145,592 ",2,3,2,0,0,0,2
273,$179.08 ,"$72,711 ",1,3,5,0,0,0,1
274,$185.03 ,"$81,737 ",1,1,10,0,0,0,1
275,$164.49 ,"$82,080 ",1,3,2,0,0,1,1
276,$292.55 ,"$110,167 ",3,1,9,0,1,0,2
277,$253.12 ,"$132,522 ",2,1,2,0,0,0,2
278,$229.38 ,"$78,067 ",1,3,10,0,0,0,1
279,$376.78 ,"$144,116 ",4,1,14,0,2,0,2
280,$227.26 ,"$79,197 ",1,3,20,0,0,0,1
281,$321.23 ,"$115,057 ",2,1,12,0,0,0,2
282,$167.59 ,"$71,527 ",1,3,6,0,0,1,1
283,$175.83 ,"$86,432 ",1,3,8,0,0,0,1
284,$229.34 ,"$116,129 ",2,2,2,0,0,0,2
285,$162.09 ,"$83,841 ",1,2,2,0,0,0,1
286,$212.71 ,"$79,432 ",1,3,15,0,0,0,1
287,$313.14 ,"$143,255 ",5,1,2,0,3,0,2
288,$187.17 ,"$75,529 ",1,1,1,0,0,0,1
289,$154.62 ,"$93,144 ",1,2,2,0,0,0,1
290,$211.21 ,"$79,328 ",1,1,14,0,0,0,1
291,$199.92 ,"$77,100 ",2,3,3,0,1,0,1
292,$223.55 ,"$135,448 ",3,3,3,0,0,0,3
293,$118.36 ,"$75,613 ",1,3,1,0,0,0,1
294,$149.29 ,"$80,267 ",1,3,4,0,0,0,1
295,$180.32 ,"$76,825 ",1,3,9,0,0,0,1
296,$211.76 ,"$89,950 ",1,3,18,0,0,0,1
297,$167.55 ,"$74,043 ",1,3,4,0,0,0,1
298,$152.89 ,"$83,789 ",1,2,5,0,0,0,1
299,$176.35 ,"$72,143 ",1,1,4,0,0,0,1
300,$308.76 ,"$142,386 ",2,2,7,0,0,0,2
301,$151.88 ,"$74,744 ",1,2,4,0,0,0,1
302,$354.89 ,"$131,676 ",2,3,19,0,0,0,2
303,$135.82 ,"$92,579 ",1,1,2,1,0,1,1
304,$164.59 ,"$72,117 ",1,3,1,0,0,0,1
305,$238.79 ,"$133,754 ",3,2,4,0,1,0,2
306,$203.63 ,"$87,529 ",1,3,5,0,0,0,1
307,$163.06 ,"$81,737 ",1,3,2,0,0,0,1
308,$283.83 ,"$110,226 ",5,3,2,0,3,1,2
309,$134.31 ,"$73,371 ",1,3,1,0,0,0,1
310,$302.20 ,"$125,908 ",4,1,1,0,2,0,2
311,$242.40 ,"$121,055 ",3,3,1,0,1,0,2
312,$225.61 ,"$91,822 ",2,1,2,0,1,0,1
313,$202.54 ,"$91,173 ",1,2,13,0,0,1,1
314,$158.22 ,"$90,971 ",1,1,2,0,0,0,1
315,$149.05 ,"$72,839 ",1,1,2,0,0,0,1
316,$306.20 ,"$146,029 ",2,2,1,0,0,0,2
317,$225.92 ,"$120,664 ",2,1,4,0,0,0,2
318,$185.78 ,"$72,855 ",2,2,3,0,1,0,1
319,$225.05 ,"$79,267 ",2,3,6,0,1,0,1
320,$177.41 ,"$92,157 ",1,2,2,0,0,0,1
321,$163.24 ,"$121,255 ",2,2,2,0,0,0,2
322,$256.46 ,"$111,181 ",3,2,3,0,1,1,2
323,$145.88 ,"$70,183 ",1,2,1,0,0,0,1
324,$173.71 ,"$87,468 ",1,1,1,0,0,0,1
325,$194.05 ,"$91,828 ",1,2,2,0,0,0,1
326,$287.57 ,"$128,745 ",2,3,11,0,0,0,2
327,$285.44 ,"$88,081 ",2,1,16,0,1,0,1
328,$268.02 ,"$141,228 ",2,3,3,0,0,0,2
329,$155.77 ,"$79,870 ",1,2,7,0,0,0,1
330,$205.11 ,"$123,929 ",3,1,1,0,1,0,2
331,$357.67 ,"$142,131 ",4,1,2,0,2,1,2
332,$341.53 ,"$123,510 ",4,3,2,0,2,0,2
333,$165.83 ,"$89,867 ",1,1,1,0,0,0,1
334,$161.58 ,"$89,439 ",1,3,1,0,0,0,1
335,$457.49 ,"$111,264 ",6,3,3,0,3,0,3
336,$346.57 ,"$119,927 ",2,1,13,0,0,0,2
337,$370.37 ,"$124,105 ",5,3,10,0,3,0,2
338,$174.88 ,"$76,048 ",1,1,2,0,0,0,1
339,$198.73 ,"$82,729 ",2,1,2,0,1,0,1
340,$310.44 ,"$136,566 ",3,2,3,0,1,0,2
341,$344.80 ,"$130,129 ",5,3,2,0,3,0,2
342,$242.13 ,"$123,493 ",2,1,11,0,0,0,2
343,$197.39 ,"$85,966 ",1,3,2,0,0,0,1
344,$245.52 ,"$132,341 ",2,2,6,0,0,1,2
345,$161.20 ,"$70,037 ",1,1,3,0,0,0,1
346,$169.08 ,"$79,356 ",1,2,19,0,0,0,1
347,$224.15 ,"$89,764 ",1,3,10,0,0,1,1
348,$232.26 ,"$85,206 ",1,1,17,0,0,0,1
349,$166.73 ,"$88,766 ",1,3,4,1,0,0,1
350,$406.91 ,"$130,016 ",4,3,20,0,2,0,2
351,$265.96 ,"$135,019 ",3,3,2,0,1,0,2
352,$432.80 ,"$132,928 ",4,3,9,0,2,0,2
353,$318.03 ,"$110,396 ",5,3,5,0,3,0,2
354,$152.51 ,"$93,281 ",1,2,2,0,0,0,1
355,$197.04 ,"$87,476 ",1,1,17,0,0,0,1
356,$197.72 ,"$74,792 ",1,2,8,1,0,0,1
357,$121.02 ,"$77,950 ",1,2,1,0,0,0,1
358,$427.30 ,"$132,966 ",5,3,16,0,3,0,2
359,$179.26 ,"$78,013 ",1,2,2,0,0,0,1
360,$302.61 ,"$123,949 ",3,1,7,0,1,0,2
361,$137.01 ,"$81,592 ",1,3,2,0,0,0,1
362,$237.52 ,"$141,975 ",2,0,5,0,0,0,2
363,$297.77 ,"$137,639 ",3,2,5,0,0,0,3
364,$296.07 ,"$133,389 ",2,2,5,0,0,1,2
365,$217.55 ,"$141,742 ",3,2,2,0,1,0,2
366,$292.24 ,"$129,561 ",5,1,3,0,3,0,2
367,$192.40 ,"$86,509 ",1,2,9,0,0,0,1
368,$175.13 ,"$83,402 ",1,3,3,0,0,0,1
369,$150.61 ,"$87,407 ",1,2,1,0,0,0,1
370,$249.43 ,"$120,295 ",2,2,6,1,0,0,2
371,$225.68 ,"$86,255 ",1,2,9,0,0,0,1
372,$305.11 ,"$143,447 ",4,1,6,0,2,1,2
373,$243.12 ,"$146,265 ",2,1,2,0,0,0,2
374,$193.72 ,"$74,125 ",1,2,6,0,0,0,1
375,$339.58 ,"$142,297 ",4,1,18,0,2,0,2
376,$242.06 ,"$118,811 ",2,1,4,0,0,0,2
377,$214.24 ,"$111,250 ",2,1,4,0,0,1,2
378,$233.75 ,"$74,822 ",1,2,17,0,0,0,1
379,$355.40 ,"$143,887 ",3,2,16,0,1,0,2
380,$177.69 ,"$73,972 ",1,3,8,0,0,0,1
381,$202.97 ,"$134,658 ",2,3,5,1,0,0,2
382,$252.08 ,"$116,913 ",4,3,3,0,2,0,2
383,$136.96 ,"$79,562 ",1,1,3,0,0,1,1
384,$329.11 ,"$124,799 ",2,0,19,0,0,1,2
385,$261.96 ,"$136,913 ",3,3,2,0,1,0,2
386,$169.73 ,"$70,136 ",1,2,3,0,0,0,1
387,$294.68 ,"$133,814 ",4,2,2,0,2,0,2
388,$145.59 ,"$74,910 ",1,3,2,0,0,0,1
389,$196.63 ,"$74,112 ",1,1,16,0,0,0,1
390,$366.19 ,"$131,773 ",2,2,9,0,0,0,2
391,$172.14 ,"$81,352 ",1,2,2,0,0,0,1
392,$307.03 ,"$136,955 ",3,3,6,0,1,1,2
393,$202.95 ,"$85,188 ",1,3,4,0,0,0,1
394,$196.79 ,"$70,806 ",1,3,9,0,0,0,1
395,$333.41 ,"$126,397 ",3,2,6,0,0,0,3
396,$308.65 ,"$120,401 ",3,1,10,0,1,0,2
397,$203.18 ,"$135,307 ",3,2,1,0,1,0,2
398,$172.23 ,"$89,496 ",1,1,2,0,0,1,1
399,$320.90 ,"$119,113 ",2,3,7,0,0,0,2
400,$410.30 ,"$114,392 ",3,2,4,0,0,0,3
401,$465.81 ,"$141,731 ",5,0,15,0,3,0,2
402,$210.99 ,"$128,391 ",2,2,2,0,0,0,2
403,$316.65 ,"$122,790 ",2,2,3,1,0,0,2
404,$201.98 ,"$71,081 ",1,2,9,0,0,0,1
405,$308.76 ,"$144,515 ",4,3,9,0,2,1,2
406,$162.14 ,"$81,818 ",1,1,1,0,0,0,1
407,$374.67 ,"$122,026 ",4,3,14,0,2,0,2
408,$207.11 ,"$83,438 ",1,1,17,0,0,0,1
409,$220.42 ,"$71,066 ",1,2,17,0,0,0,1
410,$342.36 ,"$125,141 ",2,0,15,0,0,1,2
411,$146.48 ,"$76,931 ",1,1,3,0,0,0,1
412,$252.51 ,"$138,843 ",2,1,1,0,0,1,2
413,$370.23 ,"$141,338 ",4,1,16,0,1,0,3
414,$157.16 ,"$88,557 ",1,2,1,0,0,0,1
415,$171.87 ,"$84,495 ",1,3,3,0,0,0,1
416,$262.23 ,"$137,694 ",3,0,1,0,1,0,2
417,$204.14 ,"$128,802 ",2,2,2,0,0,0,2
418,$282.14 ,"$113,647 ",5,2,1,0,3,1,2
419,$274.98 ,"$122,905 ",2,2,10,0,0,0,2
420,$360.29 ,"$140,404 ",4,3,4,0,2,0,2
421,$137.95 ,"$86,891 ",1,1,2,0,0,1,1
422,$283.39 ,"$129,841 ",4,3,2,1,2,0,2
423,$417.20 ,"$133,116 ",5,1,9,0,3,0,2
424,$415.70 ,"$135,582 ",4,3,4,0,1,0,3
425,$157.23 ,"$84,427 ",1,2,3,0,0,1,1
426,$154.97 ,"$77,669 ",1,2,1,0,0,0,1
427,$231.16 ,"$90,102 ",1,2,7,0,0,0,1
428,$235.84 ,"$144,342 ",2,3,3,1,0,0,2
429,$220.43 ,"$90,073 ",1,2,16,0,0,0,1
430,$281.80 ,"$129,116 ",4,2,3,0,2,0,2
431,$193.72 ,"$133,423 ",2,1,3,0,0,0,2
432,$358.10 ,"$117,394 ",4,3,16,0,1,0,3
433,$290.42 ,"$140,178 ",2,2,6,0,0,0,2
434,$308.87 ,"$146,047 ",4,3,3,1,2,0,2
435,$214.57 ,"$82,353 ",1,1,12,0,0,1,1
436,$178.69 ,"$75,245 ",1,3,1,0,0,0,1
437,$437.22 ,"$146,008 ",5,2,16,0,3,1,2
438,$149.17 ,"$79,508 ",1,1,2,0,0,0,1
439,$206.89 ,"$79,550 ",1,1,14,0,0,0,1
440,$286.96 ,"$119,050 ",3,1,1,0,1,0,2
441,$346.44 ,"$111,965 ",4,1,14,0,2,0,2
442,$268.32 ,"$141,384 ",4,3,1,0,2,0,2
443,$283.92 ,"$125,726 ",3,2,8,0,1,0,2
444,$343.09 ,"$111,214 ",4,2,6,0,2,0,2
445,$182.51 ,"$81,037 ",1,3,5,0,0,0,1
446,$241.15 ,"$77,409 ",1,3,13,0,0,0,1
447,$365.07 ,"$122,054 ",3,3,10,0,0,0,3
448,$366.85 ,"$138,993 ",5,1,1,0,3,0,2
449,$181.29 ,"$74,109 ",1,2,7,0,0,0,1
450,$155.26 ,"$85,598 ",1,2,1,0,0,0,1
451,$305.11 ,"$120,719 ",3,0,4,0,0,0,3
452,$291.51 ,"$122,424 ",4,1,9,0,2,0,2
453,$196.70 ,"$89,342 ",1,1,3,0,0,0,1
454,$160.37 ,"$73,982 ",1,3,10,0,0,0,1
455,$188.51 ,"$87,888 ",1,2,2,0,0,0,1
456,$295.86 ,"$143,356 ",2,2,2,0,0,0,2
457,$339.23 ,"$111,183 ",5,3,2,0,2,0,3
458,$372.99 ,"$117,394 ",5,3,6,0,3,1,2
459,$303.40 ,"$115,133 ",2,2,7,0,0,0,2
460,$345.03 ,"$127,234 ",5,2,3,0,3,0,2
461,$185.78 ,"$74,482 ",1,1,15,0,0,0,1
462,$220.14 ,"$114,937 ",2,3,3,1,0,0,2
463,$209.66 ,"$86,423 ",2,0,3,0,1,0,1
464,$347.31 ,"$114,379 ",2,2,19,0,0,0,2
465,$239.25 ,"$110,337 ",3,0,3,0,1,0,2
466,$269.24 ,"$111,249 ",3,3,9,0,1,0,2
467,$167.40 ,"$76,888 ",1,2,8,0,0,0,1
468,$247.01 ,"$131,362 ",2,2,13,0,0,0,2
469,$389.84 ,"$133,002 ",2,1,2,0,0,0,2
470,$297.76 ,"$115,840 ",5,3,3,0,3,0,2
471,$192.81 ,"$117,667 ",2,2,1,0,0,0,2
472,$170.89 ,"$70,334 ",1,2,3,0,0,1,1
473,$136.29 ,"$78,307 ",1,1,1,0,0,1,1
474,$141.57 ,"$75,433 ",1,2,2,0,0,0,1
475,$195.07 ,"$91,909 ",1,2,16,0,0,0,1
476,$230.82 ,"$123,135 ",3,1,6,0,1,0,2
477,$193.18 ,"$72,429 ",1,3,5,0,0,0,1
478,$189.29 ,"$91,903 ",2,2,9,1,1,0,1
479,$227.42 ,"$79,093 ",1,1,13,0,0,1,1
480,$320.71 ,"$134,277 ",5,2,1,0,3,0,2
481,$172.97 ,"$80,440 ",1,1,4,0,0,0,1
482,$360.10 ,"$142,450 ",5,2,6,0,3,0,2
483,$158.09 ,"$81,626 ",1,2,2,0,0,0,1
484,$314.33 ,"$124,651 ",2,1,18,0,0,1,2
485,$433.56 ,"$127,819 ",5,3,12,0,3,0,2
486,$152.20 ,"$71,734 ",1,2,6,1,0,0,1
487,$196.70 ,"$119,478 ",2,1,7,0,0,0,2
488,$424.79 ,"$126,967 ",5,1,14,0,3,0,2
489,$192.02 ,"$73,652 ",1,3,13,0,0,1,1
490,$201.25 ,"$78,951 ",1,3,7,0,0,0,1
491,$286.20 ,"$129,044 ",2,2,3,0,0,0,2
492,$168.22 ,"$79,922 ",1,2,3,0,0,0,1
493,$305.51 ,"$114,347 ",2,2,16,0,0,0,2
494,$371.35 ,"$132,177 ",4,1,8,0,2,0,2
495,$304.97 ,"$137,334 ",2,3,2,0,0,1,2
496,$313.05 ,"$143,178 ",2,1,1,0,0,0,2
497,$159.83 ,"$75,487 ",1,2,3,0,0,0,1
498,$164.90 ,"$73,966 ",1,3,6,0,0,1,1
499,$229.41 ,"$88,925 ",1,2,8,0,0,0,1
500,$168.83 ,"$73,178 ",1,3,6,0,0,0,1
501,$119.93 ,"$78,063 ",1,1,2,0,0,1,1
502,$234.44 ,"$90,218 ",2,3,10,0,1,0,1
503,$288.35 ,"$124,166 ",2,2,4,0,0,0,2
504,$285.59 ,"$113,726 ",2,1,20,0,0,0,2
505,$369.13 ,"$117,788 ",4,3,8,0,2,0,2
506,$182.25 ,"$91,637 ",1,2,6,0,0,0,1
507,$330.93 ,"$114,733 ",5,3,20,1,3,0,2
508,$161.97 ,"$88,253 ",1,2,3,0,0,0,1
509,$262.30 ,"$110,721 ",4,1,1,0,2,1,2
510,$149.18 ,"$72,356 ",1,2,3,0,0,0,1
511,$413.29 ,"$141,083 ",5,1,12,0,3,1,2
512,$329.95 ,"$136,768 ",5,3,1,0,3,0,2
513,$198.18 ,"$75,718 ",1,3,14,0,0,0,1
514,$155.61 ,"$70,095 ",1,2,4,0,0,0,1
515,$198.67 ,"$89,064 ",1,3,3,0,0,0,1
516,$250.88 ,"$114,476 ",3,2,1,0,1,0,2
517,$175.21 ,"$76,557 ",1,2,2,0,0,0,1
518,$185.04 ,"$86,797 ",1,3,1,0,0,0,1
519,$321.34 ,"$143,227 ",4,1,6,0,2,1,2
520,$383.12 ,"$117,189 ",5,2,16,0,3,0,2
521,$247.03 ,"$117,670 ",2,3,2,0,0,0,2
522,$159.95 ,"$75,092 ",1,1,6,0,0,0,1
523,$311.07 ,"$119,061 ",4,2,3,0,2,0,2
524,$201.41 ,"$92,349 ",1,2,9,0,0,0,1
525,$178.40 ,"$79,446 ",1,3,2,0,0,0,1
526,$292.47 ,"$134,407 ",2,3,12,0,0,0,2
527,$344.94 ,"$132,771 ",3,1,4,0,1,0,2
528,$339.93 ,"$114,429 ",4,3,10,0,2,0,2
529,$178.73 ,"$89,697 ",2,2,1,0,1,0,1
530,$305.43 ,"$136,249 ",3,2,3,0,1,0,2
531,$224.80 ,"$128,994 ",2,2,5,0,0,0,2
532,$205.32 ,"$70,880 ",1,2,10,0,0,1,1
533,$146.32 ,"$76,885 ",1,1,3,0,0,0,1
534,$261.27 ,"$127,672 ",2,1,2,1,0,0,2
535,$232.47 ,"$82,737 ",2,1,2,0,1,1,1
536,$180.10 ,"$92,323 ",1,1,15,0,0,0,1
537,$198.40 ,"$70,086 ",1,2,13,0,0,0,1
538,$158.82 ,"$70,189 ",1,3,2,0,0,1,1
539,$362.14 ,"$126,366 ",4,3,16,0,2,0,2
540,$171.53 ,"$84,586 ",1,2,2,0,0,0,1
541,$140.63 ,"$79,952 ",1,1,2,0,0,0,1
542,$159.91 ,"$73,427 ",1,1,7,0,0,0,1
543,$193.95 ,"$76,925 ",1,3,20,0,0,0,1
544,$256.10 ,"$124,953 ",2,3,10,0,0,0,2
545,$212.24 ,"$74,917 ",1,0,16,0,0,0,1
546,$357.46 ,"$130,969 ",5,3,5,0,3,0,2
547,$167.33 ,"$83,724 ",1,2,3,0,0,0,1
548,$192.33 ,"$83,427 ",1,2,6,0,0,0,1
549,$188.22 ,"$85,835 ",1,3,5,0,0,0,1
550,$398.74 ,"$141,467 ",2,3,8,0,0,0,2
551,$178.87 ,"$86,296 ",1,2,3,0,0,0,1
552,$221.92 ,"$143,831 ",2,1,3,1,0,0,2
553,$201.25 ,"$88,112 ",1,3,12,0,0,0,1
554,$361.82 ,"$129,822 ",3,2,20,0,1,1,2
555,$342.25 ,"$118,511 ",4,2,20,0,2,0,2
556,$282.02 ,"$110,327 ",2,2,3,0,0,0,2
557,$357.85 ,"$134,488 ",4,3,2,0,2,0,2
558,$290.20 ,"$134,797 ",2,2,7,0,0,0,2
559,$190.70 ,"$77,179 ",1,1,6,0,0,0,1
560,$318.51 ,"$116,311 ",5,3,2,0,3,0,2
561,$254.43 ,"$89,222 ",1,2,19,0,0,0,1
562,$300.59 ,"$138,238 ",2,1,6,0,0,0,2
563,$252.42 ,"$110,925 ",2,3,3,0,0,0,2
564,$222.84 ,"$83,523 ",1,2,14,0,0,0,1
565,$281.32 ,"$113,436 ",2,1,1,0,0,1,2
566,$211.15 ,"$89,408 ",1,2,2,0,0,0,1
567,$417.80 ,"$143,875 ",5,3,9,0,3,0,2
568,$307.24 ,"$120,547 ",5,2,6,0,3,0,2
569,$332.16 ,"$116,693 ",5,3,5,0,3,0,2
570,$208.47 ,"$85,538 ",1,1,10,0,0,0,1
571,$165.69 ,"$80,678 ",1,3,8,0,0,0,1
572,$303.81 ,"$125,502 ",2,2,16,0,0,0,2
573,$239.48 ,"$71,899 ",1,2,20,0,0,0,1
574,$294.46 ,"$131,892 ",2,1,3,0,0,0,2
575,$143.29 ,"$91,569 ",1,3,2,1,0,0,1
576,$261.55 ,"$138,302 ",2,3,5,0,0,1,2
577,$292.62 ,"$127,189 ",2,1,1,0,0,0,2
578,$148.82 ,"$78,300 ",1,3,4,0,0,0,1
579,$232.08 ,"$85,622 ",1,2,13,0,0,0,1
580,$233.53 ,"$115,635 ",5,3,1,0,3,0,2
581,$289.86 ,"$141,879 ",2,2,14,0,0,0,2
582,$197.29 ,"$87,662 ",1,1,18,0,0,1,1
583,$230.48 ,"$75,020 ",1,2,16,0,0,0,1
584,$191.42 ,"$89,048 ",2,1,3,0,1,0,1
585,$195.84 ,"$79,473 ",1,1,20,0,0,0,1
586,$306.61 ,"$127,238 ",2,3,3,0,0,0,2
587,$246.87 ,"$90,599 ",1,3,19,0,0,0,1
588,$271.47 ,"$115,682 ",2,1,4,0,0,0,2
589,$336.07 ,"$146,041 ",2,2,2,0,0,0,2
590,$179.78 ,"$72,082 ",1,3,13,1,0,1,1
591,$421.32 ,"$129,213 ",6,1,3,0,3,0,3
592,$183.35 ,"$89,782 ",1,0,2,0,0,0,1
593,$245.11 ,"$90,780 ",2,1,13,0,1,0,1
594,$158.05 ,"$83,715 ",1,1,2,0,0,0,1
595,$366.38 ,"$139,903 ",3,3,3,0,1,0,2
596,$183.94 ,"$75,362 ",1,2,20,0,0,0,1
597,$208.77 ,"$80,823 ",1,0,12,0,0,1,1
598,$204.81 ,"$70,670 ",1,2,8,0,0,1,1
599,$186.47 ,"$78,245 ",1,1,3,0,0,0,1
600,$186.94 ,"$79,238 ",1,1,5,0,0,0,1
601,$202.00 ,"$89,604 ",1,1,4,0,0,0,1
602,$153.27 ,"$79,917 ",1,1,1,0,0,0,1
603,$320.06 ,"$122,644 ",4,2,4,0,2,0,2
604,$177.16 ,"$91,115 ",1,2,3,0,0,0,1
605,$166.63 ,"$88,977 ",1,2,5,0,0,0,1
606,$187.01 ,"$87,135 ",1,2,2,0,0,0,1
607,$193.08 ,"$84,957 ",1,3,1,0,0,0,1
608,$299.50 ,"$144,080 ",4,2,4,0,2,0,2
609,$215.88 ,"$90,831 ",1,2,15,0,0,0,1
610,$176.88 ,"$92,435 ",2,3,1,0,1,1,1
611,$227.66 ,"$87,253 ",1,3,14,0,0,0,1
612,$239.63 ,"$90,777 ",1,1,16,0,0,0,1
613,$299.76 ,"$130,138 ",2,2,8,0,0,0,2
614,$144.50 ,"$74,400 ",1,1,1,0,0,1,1
615,$341.76 ,"$115,760 ",4,2,2,0,2,1,2
616,$160.09 ,"$71,547 ",1,2,5,0,0,1,1
617,$263.58 ,"$116,253 ",2,1,11,0,0,0,2
618,$181.37 ,"$93,071 ",1,1,3,0,0,0,1
619,$422.17 ,"$134,229 ",5,1,19,0,3,0,2
620,$340.64 ,"$124,000 ",5,2,2,0,3,0,2
621,$387.75 ,"$136,029 ",3,3,14,0,1,0,2
622,$239.90 ,"$128,870 ",4,3,1,0,1,1,3
623,$179.77 ,"$71,887 ",1,3,4,0,0,0,1
624,$212.80 ,"$91,099 ",1,1,13,0,0,0,1
625,$367.90 ,"$126,092 ",4,2,6,0,2,1,2
626,$165.14 ,"$79,062 ",1,2,1,0,0,0,1
627,$151.86 ,"$75,593 ",1,1,2,0,0,0,1
628,$177.59 ,"$88,562 ",1,1,4,0,0,1,1
629,$166.27 ,"$84,107 ",1,1,4,0,0,0,1
630,$169.54 ,"$80,835 ",1,2,5,1,0,0,1
631,$208.71 ,"$88,963 ",1,2,10,0,0,0,1
632,$295.08 ,"$130,449 ",5,2,1,0,3,0,2
633,$305.51 ,"$111,164 ",2,3,12,0,0,1,2
634,$156.15 ,"$71,038 ",1,3,7,0,0,0,1
635,$176.80 ,"$91,547 ",1,3,4,0,0,1,1
636,$206.34 ,"$81,562 ",1,1,14,0,0,0,1
637,$148.09 ,"$71,548 ",1,1,1,0,0,0,1
638,$221.76 ,"$85,300 ",1,3,8,0,0,0,1
639,$329.29 ,"$132,339 ",3,3,12,0,1,0,2
640,$273.74 ,"$144,452 ",2,0,5,0,0,0,2
641,$199.12 ,"$88,474 ",1,2,6,0,0,0,1
642,$217.40 ,"$125,712 ",3,2,17,0,1,0,2
643,$134.56 ,"$75,370 ",1,3,1,0,0,0,1
644,$354.84 ,"$118,818 ",5,1,6,0,3,0,2
645,$234.45 ,"$86,209 ",1,2,19,0,0,0,1
646,$274.99 ,"$123,715 ",2,3,12,1,0,0,2
647,$222.95 ,"$114,840 ",2,2,2,0,0,0,2
648,$203.82 ,"$80,004 ",1,2,19,0,0,0,1
649,$226.65 ,"$89,398 ",1,2,19,0,0,0,1
650,$270.79 ,"$112,698 ",4,3,5,0,2,0,2
651,$346.69 ,"$119,479 ",4,2,14,0,2,0,2
652,$379.53 ,"$135,171 ",4,1,6,0,2,0,2
653,$322.66 ,"$145,144 ",2,1,5,0,0,0,2
654,$344.57 ,"$135,312 ",3,1,4,0,1,0,2
655,$216.97 ,"$91,192 ",2,3,2,0,1,0,1
656,$203.56 ,"$86,117 ",2,0,4,0,1,1,1
657,$348.03 ,"$136,030 ",3,2,5,1,0,0,3
658,$196.05 ,"$90,312 ",2,3,3,0,1,0,1
659,$194.33 ,"$80,083 ",1,1,17,0,0,0,1
660,$200.54 ,"$85,381 ",1,1,13,0,0,0,1
661,$124.44 ,"$81,444 ",1,1,1,0,0,0,1
662,$225.07 ,"$91,694 ",1,2,19,0,0,0,1
663,$352.51 ,"$138,404 ",5,1,2,0,3,1,2
664,$144.23 ,"$74,456 ",1,1,6,0,0,0,1
665,$213.35 ,"$74,788 ",1,3,8,0,0,1,1
666,$141.23 ,"$81,600 ",1,0,3,0,0,1,1
667,$167.86 ,"$84,046 ",2,2,2,0,1,1,1
668,$251.15 ,"$120,432 ",2,3,3,0,0,1,2
669,$214.45 ,"$142,142 ",2,1,3,0,0,0,2
670,$258.30 ,"$121,825 ",2,3,2,0,0,0,2
671,$266.76 ,"$125,467 ",2,3,10,0,0,0,2
672,$230.52 ,"$70,133 ",2,1,3,0,1,0,1
673,$302.56 ,"$124,803 ",4,1,2,0,2,0,2
674,$314.15 ,"$120,488 ",5,2,2,0,3,0,2
675,$334.86 ,"$110,568 ",6,1,2,0,3,0,3
676,$159.87 ,"$73,955 ",1,1,2,0,0,0,1
677,$351.48 ,"$145,669 ",3,3,4,0,1,1,2
678,$244.21 ,"$129,078 ",2,1,4,0,0,0,2
679,$188.29 ,"$72,654 ",1,2,18,0,0,0,1
680,$141.74 ,"$87,481 ",1,3,1,0,0,0,1
681,$377.03 ,"$143,208 ",4,1,6,0,2,0,2
682,$152.47 ,"$80,168 ",1,1,2,0,0,0,1
683,$172.20 ,"$91,822 ",1,3,2,0,0,0,1
684,$255.55 ,"$135,384 ",4,2,1,0,1,0,3
685,$178.49 ,"$83,756 ",1,1,3,0,0,0,1
686,$210.50 ,"$76,917 ",2,1,5,0,1,0,1
687,$306.63 ,"$117,703 ",3,3,11,0,1,0,2
688,$204.95 ,"$72,479 ",2,1,1,0,1,1,1
689,$243.88 ,"$70,957 ",2,3,19,0,1,0,1
690,$176.87 ,"$91,219 ",1,1,2,0,0,0,1
691,$135.53 ,"$71,728 ",1,1,4,0,0,0,1
692,$365.63 ,"$122,401 ",3,2,10,0,1,1,2
693,$174.86 ,"$89,510 ",1,2,7,0,0,0,1
694,$149.03 ,"$75,778 ",1,2,3,1,0,0,1
695,$232.87 ,"$111,512 ",4,1,4,0,2,1,2
696,$332.13 ,"$139,240 ",2,2,18,0,0,0,2
697,$413.26 ,"$119,261 ",5,1,3,0,3,0,2
698,$178.18 ,"$85,334 ",1,2,10,0,0,1,1
699,$332.73 ,"$124,486 ",4,2,4,1,2,0,2
700,$191.86 ,"$70,559 ",1,2,7,0,0,0,1
701,$271.68 ,"$144,044 ",2,3,13,0,0,0,2
702,$283.83 ,"$118,678 ",2,1,8,0,0,0,2
703,$295.25 ,"$136,136 ",4,2,14,1,2,0,2
704,$144.78 ,"$76,819 ",1,1,1,0,0,0,1
705,$220.20 ,"$90,286 ",1,1,18,1,0,0,1
706,$394.76 ,"$123,355 ",5,2,12,0,3,0,2
707,$166.08 ,"$71,848 ",1,2,10,0,0,0,1
708,$249.78 ,"$142,648 ",2,3,4,0,0,0,2
709,$206.63 ,"$85,764 ",1,2,8,0,0,0,1
710,$199.88 ,"$71,430 ",2,2,8,0,1,1,1
711,$228.77 ,"$71,740 ",2,3,11,0,1,0,1
712,$177.13 ,"$78,078 ",1,0,9,0,0,1,1
713,$184.12 ,"$72,947 ",2,1,2,0,1,0,1
714,$257.81 ,"$92,347 ",2,1,11,0,1,0,1
715,$372.89 ,"$144,681 ",4,2,2,0,2,0,2
716,$391.91 ,"$145,583 ",5,2,5,0,3,1,2
717,$226.58 ,"$76,113 ",2,2,5,0,1,0,1
718,$213.24 ,"$139,584 ",2,2,3,0,0,0,2
719,$171.11 ,"$90,016 ",1,1,2,0,0,0,1
720,$275.86 ,"$117,471 ",5,3,1,0,3,0,2
721,$346.21 ,"$133,124 ",4,2,1,0,2,0,2
722,$428.21 ,"$126,068 ",6,2,17,0,3,0,3
723,$348.66 ,"$146,611 ",5,3,9,0,3,1,2
724,$353.84 ,"$140,350 ",2,1,12,0,0,1,2
725,$195.52 ,"$74,476 ",1,3,7,0,0,1,1
726,$363.91 ,"$125,379 ",4,3,13,0,2,0,2
727,$365.81 ,"$132,892 ",3,0,7,0,1,1,2
728,$210.97 ,"$76,653 ",1,3,6,0,0,0,1
729,$405.22 ,"$143,431 ",5,3,8,0,3,0,2
730,$234.23 ,"$91,499 ",2,2,7,0,1,0,1
731,$116.19 ,"$92,225 ",1,2,1,0,0,0,1
732,$159.05 ,"$73,690 ",1,0,7,0,0,0,1
733,$284.66 ,"$115,500 ",2,2,4,0,0,0,2
734,$384.10 ,"$143,718 ",5,3,2,0,2,0,3
735,$285.86 ,"$115,733 ",4,3,1,0,2,0,2
736,$342.21 ,"$130,365 ",2,1,20,0,0,0,2
737,$343.18 ,"$120,806 ",2,3,20,0,0,0,2
738,$153.21 ,"$72,734 ",1,3,2,0,0,0,1
739,$301.71 ,"$118,524 ",4,1,4,0,2,0,2
740,$197.84 ,"$92,089 ",1,3,8,0,0,1,1
741,$162.69 ,"$82,511 ",2,2,1,0,1,1,1
742,$289.83 ,"$135,689 ",3,2,3,1,1,1,2
743,$159.41 ,"$73,988 ",1,3,2,0,0,0,1
744,$175.81 ,"$115,499 ",2,0,4,0,0,0,2
745,$189.62 ,"$120,210 ",3,1,2,0,0,1,3
746,$202.91 ,"$74,899 ",1,1,9,0,0,0,1
747,$197.63 ,"$92,425 ",1,1,11,1,0,0,1
748,$191.27 ,"$76,380 ",1,2,7,0,0,0,1
749,$379.50 ,"$127,471 ",5,1,7,0,3,0,2
750,$309.47 ,"$111,178 ",3,3,5,0,1,0,2
751,$187.66 ,"$78,846 ",2,2,1,0,1,0,1
752,$362.48 ,"$116,583 ",5,3,7,0,3,0,2
753,$213.00 ,"$85,984 ",1,1,6,0,0,0,1
754,$369.82 ,"$146,448 ",3,2,19,0,0,0,3
755,$157.02 ,"$81,206 ",1,2,3,0,0,0,1
756,$203.79 ,"$85,424 ",1,3,15,0,0,0,1
757,$286.69 ,"$125,619 ",3,3,6,0,1,1,2
758,$195.35 ,"$70,306 ",1,2,10,0,0,0,1
759,$166.58 ,"$78,014 ",1,1,8,0,0,1,1
760,$406.39 ,"$126,715 ",5,3,14,0,3,0,2
761,$167.45 ,"$90,727 ",1,1,2,0,0,0,1
762,$314.32 ,"$119,903 ",5,2,8,0,3,0,2
763,$135.58 ,"$88,198 ",1,1,1,0,0,0,1
764,$207.66 ,"$91,411 ",1,2,6,0,0,0,1
765,$366.94 ,"$133,449 ",4,3,3,0,2,0,2
766,$266.76 ,"$133,091 ",2,2,4,0,0,0,2
767,$151.31 ,"$71,509 ",1,1,5,0,0,0,1
768,$200.98 ,"$89,374 ",1,3,5,0,0,0,1
769,$205.98 ,"$89,191 ",1,1,12,0,0,0,1
770,$332.79 ,"$127,894 ",5,1,1,0,3,0,2
771,$313.25 ,"$142,484 ",2,1,4,0,0,0,2
772,$176.29 ,"$79,441 ",1,2,11,0,0,1,1
773,$317.11 ,"$123,965 ",3,1,1,0,1,0,2
774,$322.81 ,"$143,338 ",3,1,2,0,1,0,2
775,$336.25 ,"$114,364 ",3,3,2,0,1,1,2
776,$163.22 ,"$75,600 ",1,2,5,0,0,0,1
777,$146.57 ,"$87,024 ",1,1,1,0,0,0,1
778,$125.34 ,"$80,966 ",1,2,2,1,0,0,1
779,$239.54 ,"$117,718 ",4,2,1,0,2,0,2
780,$136.30 ,"$84,447 ",1,2,2,0,0,0,1
781,$105.97 ,"$72,517 ",1,1,1,0,0,0,1
782,$434.05 ,"$127,318 ",4,1,10,0,2,1,2
783,$128.66 ,"$79,941 ",1,2,6,0,0,0,1
784,$275.36 ,"$130,770 ",5,2,1,0,3,0,2
785,$143.87 ,"$77,273 ",1,2,1,0,0,0,1
786,$225.98 ,"$92,185 ",1,3,11,0,0,0,1
787,$388.77 ,"$118,289 ",5,1,8,0,3,0,2
788,$139.65 ,"$72,803 ",1,2,2,0,0,0,1
789,$461.53 ,"$120,943 ",4,2,5,0,2,0,2
790,$167.48 ,"$72,896 ",1,3,5,0,0,0,1
791,$315.60 ,"$132,769 ",3,3,1,1,1,0,2
792,$227.75 ,"$125,792 ",3,3,3,0,1,0,2
793,$228.69 ,"$124,109 ",2,3,9,0,0,0,2
794,$190.64 ,"$86,134 ",1,0,4,0,0,0,1
795,$225.44 ,"$113,438 ",3,3,1,0,1,0,2
796,$196.09 ,"$76,871 ",1,3,16,0,0,0,1
797,$189.52 ,"$88,959 ",1,1,6,0,0,1,1
798,$419.99 ,"$142,745 ",5,1,11,0,3,0,2
799,$381.41 ,"$121,666 ",4,3,5,0,2,0,2
800,$159.42 ,"$89,732 ",1,2,2,1,0,0,1
801,$279.98 ,"$122,332 ",2,3,10,0,0,1,2
802,$183.52 ,"$91,979 ",1,2,3,0,0,1,1
803,$146.41 ,"$83,305 ",1,1,2,0,0,1,1
804,$298.49 ,"$111,666 ",2,2,3,0,0,0,2
805,$280.84 ,"$144,527 ",2,2,4,0,0,0,2
806,$160.49 ,"$85,415 ",1,2,2,0,0,0,1
807,$309.27 ,"$122,033 ",2,2,15,0,0,0,2
808,$181.35 ,"$86,715 ",1,2,6,0,0,0,1
809,$212.98 ,"$80,429 ",2,1,4,0,1,0,1
810,$167.45 ,"$81,028 ",1,1,2,0,0,0,1
811,$182.52 ,"$84,349 ",2,3,1,0,1,0,1
812,$180.26 ,"$82,863 ",1,2,4,0,0,0,1
813,$305.31 ,"$116,513 ",2,3,4,0,0,0,2
814,$161.07 ,"$70,372 ",1,2,1,0,0,0,1
815,$150.16 ,"$77,746 ",1,1,3,0,0,0,1
816,$307.40 ,"$132,258 ",2,2,7,0,0,0,2
817,$319.72 ,"$135,440 ",3,3,13,0,1,0,2
818,$217.46 ,"$110,211 ",2,3,3,1,0,1,2
819,$302.93 ,"$120,024 ",2,3,1,0,0,0,2
820,$216.85 ,"$135,696 ",2,0,3,0,0,0,2
821,$194.13 ,"$77,763 ",1,2,8,0,0,0,1
822,$207.07 ,"$82,623 ",1,1,4,0,0,0,1
823,$158.31 ,"$75,195 ",1,1,9,0,0,0,1
824,$267.91 ,"$110,193 ",2,3,8,0,0,0,2
825,$219.60 ,"$82,834 ",1,3,14,0,0,0,1
826,$350.04 ,"$137,504 ",3,3,11,0,1,0,2
827,$150.96 ,"$77,872 ",1,1,2,0,0,0,1
828,$371.01 ,"$129,768 ",4,1,19,0,2,0,2
829,$190.82 ,"$71,687 ",1,3,16,0,0,0,1
830,$375.76 ,"$116,877 ",4,1,9,0,2,1,2
831,$276.64 ,"$120,682 ",3,2,1,0,1,0,2
832,$396.34 ,"$138,323 ",4,2,13,0,2,0,2
833,$294.91 ,"$126,422 ",2,1,5,0,0,0,2
834,$356.72 ,"$144,519 ",2,1,13,0,0,0,2
835,$191.13 ,"$91,774 ",1,1,1,0,0,0,1
836,$230.64 ,"$71,877 ",1,2,17,0,0,0,1
837,$338.81 ,"$139,206 ",2,1,16,1,0,0,2
838,$202.30 ,"$85,945 ",2,2,3,0,1,1,1
839,$480.03 ,"$130,824 ",3,1,2,0,0,1,3
840,$192.10 ,"$77,298 ",1,1,10,0,0,0,1
841,$117.52 ,"$82,485 ",1,2,2,0,0,1,1
842,$352.40 ,"$145,588 ",3,3,3,0,0,0,3
843,$327.09 ,"$139,963 ",2,1,10,0,0,0,2
844,$178.73 ,"$75,068 ",1,3,2,0,0,0,1
845,$188.30 ,"$90,217 ",2,2,4,0,1,0,1
846,$208.78 ,"$86,557 ",2,2,5,0,1,0,1
847,$239.44 ,"$92,681 ",2,3,19,0,1,0,1
848,$400.35 ,"$124,610 ",5,1,10,0,3,0,2
849,$317.04 ,"$132,175 ",2,1,13,1,0,0,2
850,$300.65 ,"$126,818 ",2,2,14,0,0,1,2
851,$377.86 ,"$135,928 ",4,1,17,0,2,1,2
852,$178.78 ,"$78,470 ",1,1,1,0,0,0,1
853,$184.63 ,"$85,869 ",1,3,10,0,0,0,1
854,$379.83 ,"$124,738 ",5,3,3,0,3,0,2
855,$142.66 ,"$85,118 ",1,3,1,1,0,0,1
856,$118.41 ,"$87,062 ",1,0,2,0,0,0,1
857,$191.23 ,"$86,044 ",2,1,3,0,1,0,1
858,$304.09 ,"$110,106 ",3,0,4,1,1,0,2
859,$237.47 ,"$138,352 ",2,2,2,0,0,1,2
860,$251.17 ,"$74,648 ",2,2,18,0,1,0,1
861,$201.11 ,"$80,470 ",2,2,2,0,1,1,1
862,$172.56 ,"$77,969 ",2,0,4,1,1,1,1
863,$259.82 ,"$110,714 ",2,2,3,0,0,0,2
864,$190.99 ,"$88,497 ",1,3,12,0,0,0,1
865,$140.46 ,"$74,787 ",1,3,1,0,0,0,1
866,$150.84 ,"$84,968 ",1,1,3,1,0,0,1
867,$212.76 ,"$86,116 ",1,3,16,0,0,0,1
868,$336.38 ,"$125,180 ",2,3,20,0,0,0,2
869,$156.08 ,"$90,068 ",1,2,3,0,0,0,1
870,$296.80 ,"$121,106 ",2,2,18,0,0,0,2
871,$157.54 ,"$81,906 ",1,3,2,0,0,0,1
872,$163.59 ,"$85,799 ",1,1,2,0,0,0,1
873,$329.18 ,"$111,481 ",2,1,12,0,0,0,2
874,$373.33 ,"$118,206 ",5,3,11,0,3,0,2
875,$353.46 ,"$128,049 ",4,1,4,0,2,0,2
876,$178.94 ,"$74,347 ",1,2,3,0,0,0,1
877,$338.83 ,"$118,422 ",3,1,11,0,1,0,2
878,$222.16 ,"$91,348 ",2,1,4,0,1,0,1
879,$254.93 ,"$122,406 ",4,3,1,0,2,0,2
880,$177.69 ,"$84,052 ",1,1,11,0,0,0,1
881,$242.59 ,"$121,884 ",3,1,6,0,1,0,2
882,$323.61 ,"$127,123 ",3,2,2,0,1,0,2
883,$135.54 ,"$86,908 ",1,1,1,1,0,0,1
884,$160.90 ,"$83,206 ",1,1,3,0,0,0,1
885,$343.08 ,"$137,321 ",2,3,18,0,0,0,2
886,$265.83 ,"$90,526 ",2,0,17,1,1,0,1
887,$197.00 ,"$80,586 ",2,1,2,0,1,1,1
888,$198.91 ,"$90,349 ",1,3,5,0,0,0,1
889,$154.42 ,"$73,013 ",1,1,7,1,0,0,1
890,$162.08 ,"$86,040 ",1,3,1,0,0,0,1
891,$198.35 ,"$71,626 ",2,1,2,0,1,1,1
892,$223.31 ,"$118,310 ",3,3,3,0,1,0,2
893,$176.93 ,"$86,620 ",1,1,7,0,0,0,1
894,$139.71 ,"$80,462 ",1,1,2,0,0,0,1
895,$255.58 ,"$80,882 ",2,3,10,0,1,0,1
896,$411.61 ,"$118,955 ",5,2,16,0,3,0,2
897,$185.05 ,"$70,042 ",1,2,10,0,0,0,1
898,$177.47 ,"$86,743 ",1,3,5,0,0,0,1
899,$398.38 ,"$141,806 ",5,2,6,0,3,0,2
900,$297.85 ,"$127,489 ",4,2,9,0,2,0,2
901,$168.24 ,"$83,805 ",1,1,3,0,0,0,1
902,$224.11 ,"$77,110 ",1,1,13,1,0,0,1
903,$206.06 ,"$92,001 ",1,3,12,0,0,0,1
904,$324.80 ,"$120,338 ",3,3,4,0,1,0,2
905,$414.49 ,"$127,979 ",5,2,5,0,3,0,2
906,$194.79 ,"$91,380 ",1,2,3,0,0,0,1
907,$164.10 ,"$80,065 ",1,3,3,0,0,0,1
908,$155.83 ,"$89,203 ",1,1,3,0,0,0,1
909,$441.27 ,"$146,367 ",5,3,9,0,3,0,2
910,$287.77 ,"$117,100 ",2,1,17,0,0,0,2
911,$211.85 ,"$70,216 ",1,3,18,0,0,0,1
912,$308.87 ,"$144,765 ",3,3,4,0,1,0,2
913,$312.65 ,"$139,881 ",2,1,16,0,0,0,2
914,$304.75 ,"$111,052 ",5,1,1,0,3,0,2
915,$215.15 ,"$117,181 ",2,3,3,0,0,1,2
916,$261.85 ,"$122,785 ",2,2,3,0,0,0,2
917,$169.13 ,"$83,502 ",1,1,1,0,0,0,1
918,$206.68 ,"$90,019 ",1,1,15,0,0,0,1
919,$262.36 ,"$128,772 ",3,2,1,0,1,0,2
920,$323.68 ,"$130,970 ",2,2,15,0,0,0,2
921,$271.06 ,"$134,919 ",2,2,8,0,0,0,2
922,$396.34 ,"$121,403 ",5,0,6,0,2,0,3
923,$231.96 ,"$84,873 ",1,2,8,0,0,0,1
924,$146.91 ,"$73,718 ",1,3,1,0,0,0,1
925,$340.04 ,"$123,314 ",4,2,6,1,1,0,3
926,$304.99 ,"$146,048 ",2,3,11,0,0,0,2
927,$398.25 ,"$134,159 ",5,2,4,0,3,0,2
928,$288.22 ,"$119,981 ",2,0,5,1,0,0,2
929,$254.31 ,"$76,837 ",1,1,15,0,0,0,1
930,$191.02 ,"$74,948 ",1,3,10,1,0,0,1
931,$175.15 ,"$80,693 ",1,1,5,0,0,1,1
932,$180.54 ,"$74,545 ",1,1,16,0,0,0,1
933,$447.68 ,"$128,502 ",3,2,12,0,1,0,2
934,$197.26 ,"$121,452 ",4,3,1,0,2,0,2
935,$354.56 ,"$128,296 ",4,3,2,0,2,0,2
936,$304.83 ,"$139,127 ",3,2,1,0,1,0,2
937,$216.03 ,"$117,864 ",2,1,3,0,0,0,2
938,$173.49 ,"$85,348 ",1,2,2,0,0,0,1
939,$170.26 ,"$72,391 ",1,2,6,0,0,0,1
940,$183.18 ,"$75,643 ",1,2,3,0,0,0,1
941,$279.48 ,"$117,967 ",3,3,19,0,1,0,2
942,$203.15 ,"$87,295 ",1,0,4,0,0,0,1
943,$293.85 ,"$141,090 ",2,0,8,0,0,0,2
944,$402.37 ,"$135,966 ",5,1,10,0,3,0,2
945,$139.63 ,"$77,029 ",1,2,1,1,0,0,1
946,$261.75 ,"$121,587 ",2,3,17,0,0,0,2
947,$315.83 ,"$120,257 ",4,3,2,0,2,0,2
948,$201.49 ,"$90,807 ",1,2,4,0,0,0,1
949,$365.65 ,"$138,854 ",5,2,14,0,3,0,2
950,$274.10 ,"$136,603 ",3,1,2,0,1,0,2
951,$188.77 ,"$88,686 ",1,3,19,0,0,0,1
952,$188.78 ,"$72,362 ",2,2,13,0,1,0,1
953,$196.53 ,"$91,656 ",1,3,2,0,0,1,1
954,$299.98 ,"$130,122 ",4,3,2,0,2,0,2
955,$227.38 ,"$84,160 ",2,1,16,0,1,0,1
956,$181.81 ,"$83,899 ",1,1,3,0,0,0,1
957,$297.00 ,"$115,552 ",4,3,10,0,2,0,2
958,$148.46 ,"$78,961 ",1,3,2,0,0,0,1
959,$283.18 ,"$112,212 ",3,2,10,0,1,0,2
960,$167.79 ,"$76,468 ",1,3,12,0,0,1,1
961,$326.62 ,"$124,035 ",2,2,13,0,0,1,2
962,$391.58 ,"$123,869 ",4,3,3,0,2,0,2
963,$204.75 ,"$89,673 ",1,1,8,1,0,0,1
964,$359.33 ,"$138,618 ",5,1,5,0,3,0,2
965,$253.22 ,"$89,242 ",1,1,20,0,0,0,1
966,$324.47 ,"$137,647 ",6,3,9,0,3,0,3
967,$412.27 ,"$139,831 ",4,2,19,0,2,0,2
968,$204.44 ,"$81,269 ",1,3,4,0,0,0,1
969,$204.73 ,"$90,855 ",1,2,3,0,0,0,1
970,$365.97 ,"$132,354 ",5,1,4,0,3,0,2
971,$218.80 ,"$88,152 ",1,2,15,0,0,1,1
972,$145.15 ,"$70,572 ",1,2,5,0,0,0,1
973,$175.51 ,"$74,846 ",1,3,16,0,0,0,1
974,$333.56 ,"$145,429 ",3,2,19,0,1,0,2
975,$364.42 ,"$129,836 ",2,2,11,0,0,0,2
976,$435.06 ,"$132,991 ",6,3,2,0,3,0,3
977,$292.37 ,"$138,625 ",2,1,4,1,0,0,2
978,$230.76 ,"$115,891 ",2,3,19,0,0,0,2
979,$314.10 ,"$110,726 ",3,1,10,0,1,1,2
980,$352.33 ,"$141,083 ",4,3,8,0,2,0,2
981,$234.02 ,"$70,730 ",2,3,18,0,1,0,1
982,$151.24 ,"$78,166 ",2,2,5,1,1,0,1
983,$508.41 ,"$138,149 ",6,1,2,0,3,0,3
984,$167.22 ,"$73,687 ",1,2,2,0,0,0,1
985,$157.68 ,"$78,444 ",1,3,2,0,0,0,1
986,$344.55 ,"$121,349 ",5,0,5,1,3,0,2
987,$381.91 ,"$145,279 ",5,3,2,0,3,0,2
988,$262.87 ,"$130,839 ",3,1,1,0,1,0,2
989,$172.84 ,"$78,892 ",1,1,10,0,0,0,1
990,$127.21 ,"$81,881 ",2,2,1,0,1,1,1
991,$348.39 ,"$133,868 ",2,2,12,0,0,1,2
992,$344.43 ,"$143,953 ",4,1,5,0,2,0,2
993,$303.98 ,"$122,397 ",3,3,2,0,1,0,2
994,$243.30 ,"$125,762 ",2,1,3,0,0,0,2
995,$328.03 ,"$131,641 ",4,2,10,0,1,0,3
996,$274.18 ,"$116,932 ",2,2,2,0,0,0,2
997,$429.39 ,"$145,577 ",3,3,8,0,0,1,3
998,$245.56 ,"$113,220 ",2,1,1,0,0,1,2
999,$340.18 ,"$144,821 ",5,1,4,0,3,0,2
1000,$352.80 ,"$143,695 ",5,3,8,0,3,0,2
